Cycle,Cycle Type,Test Time,Current,Voltage,AH-IN,AH-OUT,WH-IN,WH-OUT,ACR,DCIR,T1_Start,T1_End,T1_Min,T1_Max,T1_Start.1,T1_End.1,T1_Min.1,T1_Max.1,Date
0,,  0d 23:20:48.76,-0.7500572213321128,2.4999618524450002,1.46717,1.461853045567,0.253096337782,5.443858001353,0,0,28.566495895385998,27.462938308716,27.345893859863,28.633377075194996,27.479656219482003,28.36584854126,27.312452316284,28.382568359375,43623.4137214583
1,,  1d 00:17:00.01,-4.500114442664,2.4999618524450002,1.4610299999999998,1.406171925592,1.195967368997,5.0605887471969995,0,0,28.416009902954002,27.697025299072,27.680303573607997,32.354244232178004,27.697025299072,34.557258605956996,27.697025299072,34.557258605956996,43623.4527519907
2,,  1d 01:11:57.48,-4.500114442664,2.4999618524450002,1.40836,1.407771956364,1.171434538244,5.068575858058,0,0,34.736763000488,27.83078956604,27.763906478882,35.046817779541,27.847511291504002,34.606212615967,27.79734992981,34.606212615967,43623.4909284722
3,,  1d 02:07:03.29,-4.500190737774,2.4999618524450002,1.4093399999999998,1.4103969620339998,1.16744534484,5.080008600089,0,0,34.720443725586,28.098318099976,28.081600189209,34.965225219727,28.098318099976,34.704124450684,28.031436920166,34.704124450684,43623.5292015393
4,,  1d 03:02:05.28,-4.499961852445,2.499656672007,1.41087,1.410572026364,1.15748244735,5.080852845608,0,0,34.86731338501,27.947832107544,27.880952835082997,35.21000289917,27.947832107544,34.508304595946996,27.847511291504002,34.508304595946996,43623.5674302894
5,,  1d 03:57:03.12,-4.500114442664,2.4999618524450002,1.41111,1.4108594761739999,1.159044486249,5.082030831615,0,0,34.785720825195,27.964553833007997,27.964553833007997,34.948905944824,27.964553833007997,34.622531890869006,27.964553833007997,34.622531890869006,43623.605611111096
6,,  1d 04:51:55.16,-4.499885557336,2.499504081788,1.4110300000000002,1.410734493397,1.150228358901,5.081314438448,0,0,34.687808990479,27.83078956604,27.83078956604,35.177364349365,27.847511291504002,34.508304595946996,27.79734992981,34.508304595946996,43623.6437246528
7,,  1d 05:46:42.61,-4.5002670328829995,2.4999618524450002,1.41117,1.411946955151,1.149319660143,5.085733375112,0,0,34.769401550293004,27.83078956604,27.814067840576,34.91626739502,27.814067840576,34.671489715576,27.814067840576,34.671489715576,43623.681785208304
8,,  1d 06:41:22.24,-4.500038147555,2.499504081788,1.4121899999999998,1.411359452511,1.1453938063070002,5.084444077701,0,0,34.883632659912,27.964553833007997,27.964553833007997,35.226322174071996,27.914392471313,34.540939331055,27.914392471313,34.540939331055,43623.7197553241
9,,  1d 07:36:00.35,-4.4997329671170005,2.499656672007,1.41156,1.411846999917,1.1432908817460001,5.08632332992,0,0,34.671489715576,27.997993469238,27.964553833007997,34.932586669921996,27.981275558472,34.491985321045,27.981275558472,34.491985321045,43623.7577077199
10,,  1d 08:30:32.54,-4.499885557336,2.499504081788,1.4120400000000002,1.41133447937,1.138860321353,5.084363246843,0,0,34.8020362854,27.931114196777,27.931114196777,35.079452514648,27.897672653198,34.41039276123,27.864231109619002,34.41039276123,43623.7955915625
11,,  1d 09:25:03.80,-4.500114442664,2.499656672007,1.4115,1.4116220161700002,1.1390480064769999,5.085191196123,0,0,34.557258605956996,27.864231109619002,27.864231109619002,34.818355560303004,27.880952835082997,34.443027496338,27.880952835082997,34.443027496338,43623.8334647338
12,,  1d 10:19:31.63,-4.499885557336,2.4999618524450002,1.41179,1.4117219698969998,1.135101289313,5.085701187134,0,0,34.638851165771,27.947832107544,27.947832107544,34.997859954834,27.947832107544,34.524620056152,27.931114196777,34.524620056152,43623.871298298596
13,,  1d 11:13:57.32,-4.499885557336,2.4999618524450002,1.4119,1.4116720155759999,1.132247010618,5.085463854886,0,0,34.671489715576,27.964553833007997,27.931114196777,34.899948120117,27.964553833007997,34.361434936523,27.914392471313,34.361434936523,43623.9091067245
14,,  1d 12:08:18.50,-4.500038147555,2.499656672007,1.41186,1.4114719721200002,1.1306581462029999,5.084669465254,0,0,34.524620056152,27.897672653198,27.880952835082997,35.030498504639,27.914392471313,34.377750396729,27.864231109619002,34.377750396729,43623.946863425896
15,,  1d 13:02:40.93,-4.499885557336,2.499809262226,1.4116600000000001,1.4117469920530001,1.1293004573549998,5.085808184813,0,0,34.638851165771,27.981275558472,27.947832107544,34.965225219727,27.997993469238,34.573577880859,27.947832107544,34.573577880859,43623.9846341088
16,,  1d 13:57:00.99,-4.500114442664,2.499809262226,1.41174,1.4115219843849998,1.1267313278939999,5.084779048845,0,0,34.687808990479,27.897672653198,27.897672653198,34.997859954834,27.897672653198,34.573577880859,27.847511291504002,34.573577880859,43624.0223777778
17,,  1d 14:51:17.66,-4.499961852445,2.499809262226,1.41164,1.4115594893799999,1.124588628695,5.0848567774080005,0,0,34.785720825195,27.897672653198,27.897672653198,35.046817779541,27.897672653198,34.573577880859,27.847511291504002,34.573577880859,43624.0600820255
18,,  1d 15:45:33.97,-4.500114442664,2.499809262226,1.41176,1.411522006191,1.123722794231,5.084810772067001,0,0,34.785720825195,27.914392471313,27.914392471313,35.014179229736,27.880952835082997,34.524620056152,27.864231109619002,34.524620056152,43624.0977821181
19,,  1d 16:39:46.37,-4.4997329671170005,2.499809262226,1.41152,1.411171982872,1.120707219523,5.083415913831,0,0,34.687808990479,27.947832107544,27.931114196777,35.046817779541,27.947832107544,34.426708221436,27.880952835082997,34.426708221436,43624.135437349505
20,,  1d 17:33:57.74,-4.500114442664,2.499809262226,1.41123,1.411309492808,1.119335646867,5.083678310013,0,0,34.540939331055,27.864231109619002,27.864231109619002,34.932586669921996,27.880952835082997,34.540939331055,27.880952835082997,34.540939331055,43624.173079919
21,,  1d 18:28:08.14,-4.500038147555,2.4999618524450002,1.41141,1.411159516908,1.117324578791,5.082963162162,0,0,34.769401550293004,27.981275558472,27.947832107544,35.095771789551,27.964553833007997,34.638851165771,27.914392471313,34.638851165771,43624.2107115856
22,,  1d 19:22:15.42,-4.500038147555,2.4999618524450002,1.4112399999999998,1.410846987768,1.115936373766,5.082011485789,0,0,34.86731338501,27.997993469238,27.997993469238,35.112091064453004,27.997993469238,34.491985321045,27.981275558472,34.491985321045,43624.2483071296
23,,  1d 20:16:19.70,-4.499809262226,2.4999618524450002,1.41087,1.410634485185,1.114057301725,5.081008538712,0,0,34.736763000488,27.947832107544,27.947832107544,34.948905944824,27.964553833007997,34.475662231445,27.947832107544,34.475662231445,43624.285868136605
24,,  1d 21:10:23.19,-4.499961852445,2.499656672007,1.41075,1.4105344873069998,1.1117686654680001,5.080551767659999,0,0,34.720443725586,27.847511291504002,27.847511291504002,35.063137054443004,27.864231109619002,34.606212615967,27.847511291504002,34.606212615967,43624.3234197338
25,,  1d 22:04:28.71,-4.500038147555,2.499809262226,1.41062,1.4104969879799998,1.110443925024,5.0804981635479995,0,0,34.834674835205,27.914392471313,27.914392471313,35.095771789551,27.897672653198,34.443027496338,27.880952835082997,34.443027496338,43624.3609952083
26,,  1d 22:58:31.20,-4.500038147555,2.499656672007,1.41051,1.410434456758,1.1090885952879999,5.0800891644999995,0,0,34.671489715576,27.947832107544,27.931114196777,35.030498504639,27.914392471313,34.45934677124,27.914392471313,34.45934677124,43624.3985352315
27,,  1d 23:52:33.06,-4.500114442664,2.499656672007,1.41044,1.4102719692789998,1.110506505318,5.079373565683,0,0,34.573577880859,27.964553833007997,27.947832107544,34.997859954834,27.931114196777,34.491985321045,27.931114196777,34.491985321045,43624.4360680093
28,,  2d 00:46:30.93,-4.499961852445,2.499809262226,1.4102899999999998,1.4098469757229999,1.105687516189,5.077808957184,0,0,34.720443725586,27.997993469238,27.997993469238,34.948905944824,27.964553833007997,34.491985321045,27.964553833007997,34.491985321045,43624.4735546759
29,,  2d 01:40:27.53,-4.499885557336,2.4999618524450002,1.40986,1.40970948608,1.105640146474,5.0772128086879995,0,0,34.8020362854,27.981275558472,27.964553833007997,35.063137054443004,27.981275558472,34.443027496338,27.931114196777,34.443027496338,43624.5110265162
30,,  2d 02:34:22.52,-4.500190737774,2.499656672007,1.40978,1.4097970018560002,1.103200925698,5.077283768617,0,0,34.606212615967,27.981275558472,27.897672653198,35.063137054443004,27.997993469238,34.720443725586,27.880952835082997,34.720443725586,43624.548480081
31,,  2d 03:28:16.12,-4.500114442664,2.499809262226,1.40989,1.4096344507570002,1.103205988258,5.0764954100269994,0,0,34.850994110107,28.031436920166,27.997993469238,35.063137054443004,27.981275558472,34.491985321045,27.981275558472,34.491985321045,43624.5859171991
32,,  2d 04:22:07.04,-4.499961852445,2.499809262226,1.40961,1.409321973452,1.1041583161650002,5.075417943166,0,0,34.687808990479,27.997993469238,27.964553833007997,35.014179229736,28.014715194702,34.394069671630994,27.981275558472,34.394069671630994,43624.6233233796
33,,  2d 05:16:00.68,-4.499961852445,2.499809262226,1.40953,1.4091720054299999,1.1022172812720001,5.074682427572,0,0,34.589897155762,27.897672653198,27.897672653198,35.046817779541,27.931114196777,34.345115661621,27.931114196777,34.345115661621,43624.6607613889
34,,  2d 06:09:51.53,-4.499961852445,2.499656672007,1.4090799999999999,1.4086844782769998,1.10360978428,5.072100099199,0,0,34.638851165771,27.931114196777,27.897672653198,35.046817779541,27.897672653198,34.41039276123,27.897672653198,34.41039276123,43624.6981666551
35,,  2d 07:03:41.68,-4.500038147555,2.4999618524450002,1.4086299999999998,1.408497001787,1.102804090804,5.071959137211,0,0,34.589897155762,27.897672653198,27.897672653198,34.91626739502,27.897672653198,34.361434936523,27.880952835082997,34.361434936523,43624.7355639699
36,,  2d 07:57:31.09,-4.499961852445,2.4999618524450002,1.40846,1.4082969936210001,1.098743101849,5.0714991787,0,0,34.655166625977,27.981275558472,27.981275558472,34.86731338501,27.981275558472,34.377750396729,27.947832107544,34.377750396729,43624.7729527894
37,,  2d 08:51:20.39,-4.499961852445,2.499656672007,1.40852,1.4090345009810001,1.098223549386,5.074116362755,0,0,34.622531890869006,28.064878463744996,28.064878463744996,34.91626739502,28.064878463744996,34.557258605956996,27.997993469238,34.557258605956996,43624.810340347205
38,,  2d 09:45:07.10,-4.500114442664,2.499809262226,1.40889,1.408472014459,1.098027477353,5.0718277987,0,0,34.818355560303004,27.997993469238,27.997993469238,35.112091064453004,27.997993469238,34.638851165771,27.964553833007997,34.638851165771,43624.8476976968
39,,  2d 10:38:53.28,-4.499961852445,2.499809262226,1.40854,1.407922006333,1.0958812598710002,5.069018019696,0,0,34.86731338501,27.947832107544,27.947832107544,35.226322174071996,27.947832107544,34.540939331055,27.931114196777,34.540939331055,43624.885049259305
40,,  2d 11:32:40.21,-4.499961852445,2.499656672007,1.40798,1.4076469821720001,1.0967663020029998,5.067930168097,0,0,34.753082275391,28.014715194702,27.981275558472,34.997859954834,27.997993469238,34.508304595946996,27.981275558472,34.508304595946996,43624.9224094097
41,,  2d 12:26:27.34,-4.499961852445,2.499504081788,1.4076799999999998,1.4074844959700001,1.0972914233789999,5.067384015472,0,0,34.704124450684,27.981275558472,27.981275558472,35.095771789551,27.981275558472,34.41039276123,27.981275558472,34.41039276123,43624.9597716551
42,,  2d 13:20:10.92,-4.499809262226,2.4999618524450002,1.40739,1.407121940517,1.094995390922,5.065575900338,0,0,34.622531890869006,27.964553833007997,27.964553833007997,34.997859954834,27.981275558472,34.720443725586,27.897672653198,34.720443725586,43624.9970929051
43,,  2d 14:13:53.95,-4.500038147555,2.499809262226,1.40707,1.406922006962,1.095747171917,5.065145742932001,0,0,34.883632659912,28.031436920166,28.031436920166,35.128410339355,28.064878463744996,34.671489715576,27.997993469238,34.671489715576,43625.0344079398
44,,  2d 15:07:38.78,-4.499961852445,2.4999618524450002,1.40704,1.406721972467,1.095527899394,5.06418547279,0,0,34.86731338501,28.081600189209,28.048156738281,35.030498504639,28.048156738281,34.491985321045,27.997993469238,34.491985321045,43625.0717435764
45,,  2d 16:01:22.33,-4.499885557336,2.499656672007,1.40665,1.406597040925,1.09486477411,5.0633625012720005,0,0,34.573577880859,27.981275558472,27.947832107544,34.997859954834,27.964553833007997,34.589897155762,27.964553833007997,34.589897155762,43625.1090645718
46,,  2d 16:55:04.21,-4.500038147555,2.4999618524450002,1.40657,1.4063094855270002,1.093741310757,5.062216398865,0,0,34.785720825195,27.880952835082997,27.880952835082997,35.095771789551,27.864231109619002,34.622531890869006,27.864231109619002,34.622531890869006,43625.1463662153
47,,  2d 17:48:45.01,-4.500038147555,2.499809262226,1.4063,1.406171962397,1.093651085958,5.061670183065,0,0,34.86731338501,27.981275558472,27.981275558472,35.226322174071996,27.964553833007997,34.589897155762,27.931114196777,34.589897155762,43625.1836551968
48,,  2d 18:42:26.61,-4.499961852445,2.499809262226,1.4062299999999999,1.405996972324,1.093339982257,5.060678265881,0,0,34.86731338501,27.931114196777,27.931114196777,35.226322174071996,27.931114196777,34.475662231445,27.914392471313,34.475662231445,43625.220953587996
49,,  2d 19:36:08.35,-4.499961852445,2.499809262226,1.40606,1.405747019565,1.094085407498,5.0597734424339995,0,0,34.736763000488,27.947832107544,27.947832107544,35.128410339355,27.964553833007997,34.508304595946996,27.964553833007997,34.508304595946996,43625.2582535995
50,,  2d 20:29:47.65,-4.499885557336,2.499809262226,1.4056600000000001,1.405471938478,1.091536172201,5.058361234699,0,0,34.704124450684,27.981275558472,27.981275558472,34.91626739502,27.981275558472,34.622531890869006,27.981275558472,34.622531890869006,43625.2955254051
51,,  2d 21:23:23.70,-4.4997329671170005,2.499809262226,1.4053799999999999,1.405059498937,1.0899750157430002,5.0567037318059995,0,0,34.785720825195,28.014715194702,27.997993469238,35.112091064453004,27.981275558472,34.557258605956996,27.964553833007997,34.557258605956996,43625.3327595833
52,,  2d 22:16:58.12,-4.500038147555,2.499809262226,1.4050999999999998,1.4050969592299998,1.090235277351,5.056861875348,0,0,34.769401550293004,28.014715194702,28.014715194702,35.112091064453004,27.981275558472,34.540939331055,27.981275558472,34.540939331055,43625.369974594905
53,,  2d 23:10:31.15,-4.500114442664,2.4999618524450002,1.4054000000000002,1.405671973669,1.0890182724150002,5.060004418579,0,0,34.720443725586,28.265525817870998,28.232084274292003,34.981540679931996,28.248804092407,34.785720825195,28.232084274292003,34.785720825195,43625.407174050895
54,,  3d 00:04:07.56,-4.499961852445,2.4999618524450002,1.4054,1.405134500676,1.086122763993,5.057821687076,0,0,35.030498504639,28.298965454102,28.298965454102,35.373188018799,28.298965454102,34.850994110107,28.282247543335,34.850994110107,43625.4444123843
55,,  3d 00:57:40.01,-4.500190737774,2.499809262226,1.4051,1.404597003673,1.086433373054,5.055015097537,0,0,34.997859954834,28.098318099976,28.081600189209,35.275276184081996,28.115039825439,34.785720825195,28.064878463744996,34.785720825195,43625.4816047917
56,,  3d 01:51:10.69,-4.499885557336,2.4999618524450002,1.4046399999999999,1.404422000472,1.086869169409,5.053983332255,0,0,34.981540679931996,28.048156738281,28.031436920166,35.356868743896,28.031436920166,34.622531890869006,27.997993469238,34.622531890869006,43625.518776655095
57,,  3d 02:44:45.23,-4.499885557336,2.499809262226,1.4045800000000002,1.4042344854420001,1.088729203686,5.0528924376990005,0,0,34.8020362854,27.947832107544,27.947832107544,35.079452514648,27.947832107544,34.671489715576,27.947832107544,34.671489715576,43625.5559932986
58,,  3d 03:38:18.20,-4.500114442664,2.4999618524450002,1.40402,1.403696984297,1.0880535740889998,5.050796144116,0,0,34.948905944824,27.964553833007997,27.964553833007997,35.177364349365,27.964553833007997,34.769401550293004,27.947832107544,34.769401550293004,43625.593192025495
59,,  3d 04:31:49.11,-4.500038147555,2.499809262226,1.40359,1.403546982143,1.08707312,5.050187138653,0,0,34.981540679931996,28.081600189209,28.031436920166,35.275276184081996,28.064878463744996,34.769401550293004,28.048156738281,34.769401550293004,43625.6303665162
60,,  3d 05:25:21.87,-4.499809262226,2.499809262226,1.40364,1.403071986691,1.086152786909,5.048122878838,0,0,34.997859954834,27.947832107544,27.931114196777,35.258960723877,27.931114196777,34.557258605956996,27.931114196777,34.557258605956996,43625.667562546296
61,,  3d 06:18:52.02,-4.499885557336,2.499809262226,1.40318,1.402971968736,1.086461781827,5.047282881930999,0,0,34.769401550293004,27.997993469238,27.997993469238,35.226322174071996,27.997993469238,34.736763000488,27.997993469238,34.736763000488,43625.7047285417
62,,  3d 07:12:25.09,-4.499809262226,2.499809262226,1.40293,1.402596985767,1.0864754972169999,5.046234776129,0,0,35.014179229736,28.081600189209,28.081600189209,35.144729614258,28.081600189209,34.638851165771,28.031436920166,34.638851165771,43625.7419279861
63,,  3d 08:05:51.04,-4.499809262226,2.499809262226,1.40254,1.402222004688,1.082245471401,5.044656029605,0,0,34.785720825195,28.131761550903,28.131761550903,35.144729614258,28.131761550903,34.736763000488,28.098318099976,34.736763000488,43625.7790451505
64,,  3d 08:59:17.03,-4.500038147555,2.499656672007,1.40213,1.4023469911250002,1.083967912303,5.04485624222,0,0,34.932586669921996,28.064878463744996,28.048156738281,35.258960723877,28.048156738281,34.736763000488,28.031436920166,34.736763000488,43625.8161630324
65,,  3d 09:52:45.20,-4.499961852445,2.499809262226,1.4024100000000002,1.402096942222,1.086190112931,5.043528170152,0,0,35.014179229736,28.081600189209,28.081600189209,35.340553283691,28.081600189209,34.8020362854,28.048156738281,34.8020362854,43625.8533058796
66,,  3d 10:46:15.25,-4.500038147555,2.4999618524450002,1.4021,1.401859455074,1.085136588623,5.042315118003,0,0,35.095771789551,28.064878463744996,28.064878463744996,35.307918548584,28.098318099976,34.8020362854,28.064878463744996,34.8020362854,43625.8904705903
67,,  3d 11:39:41.56,-4.499885557336,2.499656672007,1.4016300000000002,1.401384491385,1.083727808758,5.040716804847,0,0,35.095771789551,28.064878463744996,28.048156738281,35.324234008789,28.031436920166,34.86731338501,27.997993469238,34.86731338501,43625.9275920023
68,,  3d 12:33:06.22,-4.500038147555,2.4999618524450002,1.40141,1.400996977999,1.084257208415,5.039037857813,0,0,35.046817779541,28.064878463744996,28.031436920166,35.275276184081996,28.081600189209,34.785720825195,28.031436920166,34.785720825195,43625.9646945139
69,,  3d 13:26:34.33,-4.499885557336,2.4999618524450002,1.40109,1.400946982157,1.084627551179,5.038538722126,0,0,34.981540679931996,27.997993469238,27.997993469238,35.242641448975,28.014715194702,34.8020362854,27.981275558472,34.8020362854,43626.0018366319
70,,  3d 14:19:57.11,-4.499885557336,2.499809262226,1.40111,1.400934482568,1.079386615182,5.039592325391,0,0,35.063137054443004,28.282247543335,28.282247543335,35.454780578613,28.282247543335,34.655166625977,28.232084274292003,34.655166625977,43626.0389170486
71,,  3d 15:13:19.19,-4.500038147555,2.4999618524450002,1.40067,1.400534509429,1.0802180209880001,5.03720749464,0,0,34.899948120117,28.165201187134,28.148479461670004,35.291595458984,28.181922912598,34.785720825195,28.148479461670004,34.785720825195,43626.0759895139
72,,  3d 16:06:41.16,-4.499885557336,2.499809262226,1.40052,1.400296959655,1.085588486425,5.035962790929,0,0,34.981540679931996,28.115039825439,28.098318099976,35.177364349365,28.165201187134,34.86731338501,28.131761550903,34.86731338501,43626.1130609259
73,,  3d 17:00:05.80,-4.500038147555,2.4999618524450002,1.40032,1.400059461185,1.082882222933,5.0346808473769995,0,0,35.128410339355,28.031436920166,28.014715194702,35.291595458984,28.031436920166,34.834674835205,27.997993469238,34.834674835205,43626.1501628935
74,,  3d 17:53:31.11,-4.5002670328829995,2.499809262226,1.40001,1.399696994224,1.084310059401,5.0331723237290005,0,0,35.014179229736,28.064878463744996,28.048156738281,35.291595458984,28.031436920166,34.8020362854,27.997993469238,34.8020362854,43626.187272638905
75,,  3d 18:46:57.09,-4.500190737774,2.4999618524450002,1.3995799999999998,1.3994469483270002,1.083976576587,5.031955606944,0,0,35.063137054443004,28.098318099976,28.081600189209,35.275276184081996,28.064878463744996,34.753082275391,28.048156738281,34.753082275391,43626.224390162
76,,  3d 19:40:18.93,-4.500114442664,2.499809262226,1.39934,1.3990219640830002,1.084412064495,5.030154988583,0,0,34.997859954834,28.031436920166,28.014715194702,35.356868743896,27.997993469238,34.883632659912,27.997993469238,34.883632659912,43626.2614599306
77,,  3d 20:33:43.30,-4.500038147555,2.4999618524450002,1.39912,1.39903443962,1.0825819584379999,5.029963635651,0,0,35.144729614258,28.014715194702,28.014715194702,35.389507293701,27.981275558472,34.86731338501,27.981275558472,34.86731338501,43626.298558831004
78,,  3d 21:27:04.66,-4.499885557336,2.499809262226,1.3989200000000002,1.3986969756479999,1.0838725468619999,5.028721606126,0,0,35.095771789551,27.931114196777,27.931114196777,35.324234008789,27.914392471313,34.86731338501,27.914392471313,34.86731338501,43626.3356229861
79,,  3d 22:20:25.90,-4.500038147555,2.499809262226,1.39862,1.398434457342,1.081824144344,5.0274078716,0,0,35.063137054443004,28.081600189209,28.031436920166,35.356868743896,28.031436920166,34.834674835205,28.031436920166,34.834674835205,43626.3726856597
80,,  3d 23:13:45.56,-4.499961852445,2.499656672007,1.39855,1.39818446035,1.083502338122,5.026231688969,0,0,35.128410339355,28.048156738281,27.981275558472,35.422145843505994,28.048156738281,34.769401550293004,27.964553833007997,34.769401550293004,43626.4097301157
81,,  4d 00:07:05.95,-4.500038147555,2.4999618524450002,1.39823,1.398009430813,1.082082209239,5.025559198331,0,0,34.981540679931996,28.031436920166,28.031436920166,35.340553283691,27.997993469238,34.948905944824,27.997993469238,34.948905944824,43626.446783101805
82,,  4d 01:00:29.96,-4.500038147555,2.499656672007,1.398,1.397546950114,1.0841740230299999,5.023293235409,0,0,35.16104888916,27.997993469238,27.981275558472,35.275276184081996,27.947832107544,34.720443725586,27.931114196777,34.720443725586,43626.4838778704
83,,  4d 01:53:51.40,-4.500190737774,2.4999618524450002,1.39735,1.397134457556,1.081084448329,5.021858517896,0,0,34.883632659912,27.997993469238,27.997993469238,35.307918548584,28.031436920166,34.932586669921996,27.997993469238,34.932586669921996,43626.5209429282
84,,  4d 02:47:12.65,-4.500038147555,2.4999618524450002,1.39705,1.3972594440600001,1.083530194298,5.02227104078,0,0,35.16104888916,28.048156738281,28.048156738281,35.454780578613,28.014715194702,35.144729614258,28.014715194702,35.144729614258,43626.5580056134
85,,  4d 03:40:34.30,-4.499961852445,2.4999618524450002,1.3973000000000002,1.39714698565,1.081470221155,5.0219724010140006,0,0,35.291595458984,28.148479461670004,28.115039825439,35.487422943115,28.131761550903,35.046817779541,28.064878463744996,35.046817779541,43626.5950732176
86,,  4d 04:33:53.46,-4.499809262226,2.499809262226,1.3971,1.396946942207,1.080505156235,5.020863065346,0,0,35.291595458984,28.031436920166,28.031436920166,35.617969512939,28.031436920166,35.144729614258,28.031436920166,35.144729614258,43626.6321118866
87,,  4d 05:27:12.12,-4.499961852445,2.499809262226,1.39688,1.3962844640869998,1.0808425231749998,5.018092199341,0,0,35.405826568604,28.064878463744996,28.014715194702,35.650608062744006,28.081600189209,34.883632659912,27.997993469238,34.883632659912,43626.6691447685
88,,  4d 06:20:30.25,-4.499885557336,2.499809262226,1.3963599999999998,1.396284469416,1.08041804762,5.017593939823,0,0,35.095771789551,28.048156738281,28.014715194702,35.422145843505994,27.981275558472,34.91626739502,27.981275558472,34.91626739502,43626.706171493104
89,,  4d 07:13:47.23,-4.499961852445,2.499809262226,1.39621,1.395809458093,1.080207991021,5.0154667452810004,0,0,35.030498504639,28.048156738281,27.981275558472,35.405826568604,28.014715194702,35.079452514648,27.931114196777,35.079452514648,43626.743185023195
90,,  4d 08:07:05.73,-4.499885557336,2.4999618524450002,1.3957,1.395409465927,1.081263918302,5.013828112205,0,0,35.226322174071996,28.014715194702,28.014715194702,35.454780578613,28.064878463744996,34.883632659912,27.947832107544,34.883632659912,43626.7802157292
91,,  4d 09:00:24.15,-4.499885557336,2.4999618524450002,1.39536,1.395221947087,1.0822816493,5.013113722819,0,0,35.079452514648,28.081600189209,28.081600189209,35.454780578613,28.064878463744996,34.981540679931996,28.031436920166,34.981540679931996,43626.8172458912
92,,  4d 09:53:42.98,-4.499885557336,2.4999618524450002,1.3952,1.395084468441,1.0828080089830001,5.01284096239,0,0,35.258960723877,28.165201187134,28.098318099976,35.405826568604,28.115039825439,35.014179229736,28.081600189209,35.014179229736,43626.8542807639
93,,  4d 10:46:58.11,-4.500114442664,2.499809262226,1.39491,1.394784453439,1.0821672194679999,5.011536434180001,0,0,35.226322174071996,28.064878463744996,28.064878463744996,35.50373840332,28.098318099976,35.095771789551,28.098318099976,35.095771789551,43626.8912727662
94,,  4d 11:40:14.38,-4.499885557336,2.499809262226,1.39484,1.39438443435,1.080780530298,5.0096958989310005,0,0,35.307918548584,28.048156738281,28.031436920166,35.601650238037,28.098318099976,35.014179229736,28.031436920166,35.014179229736,43626.9282780556
95,,  4d 12:33:29.00,-4.499885557336,2.4999618524450002,1.39436,1.39410944716,1.081579040099,5.0082831982550005,0,0,35.21000289917,28.048156738281,28.014715194702,35.422145843505994,28.064878463744996,35.014179229736,28.014715194702,35.014179229736,43626.965263912
96,,  4d 13:26:44.52,-4.500038147555,2.499656672007,1.39398,1.393896956634,1.080356386013,5.007058055544,0,0,35.177364349365,28.064878463744996,28.014715194702,35.389507293701,28.048156738281,35.030498504639,27.997993469238,35.030498504639,43627.0022606134
97,,  4d 14:19:58.56,-4.4997329671170005,2.4999618524450002,1.3938100000000002,1.393546886799,1.081799156032,5.005540080529,0,0,35.226322174071996,28.098318099976,28.031436920166,35.55269241333,28.048156738281,35.014179229736,28.014715194702,35.014179229736,43627.0392399537
98,,  4d 15:13:13.77,-4.500114442664,2.499656672007,1.3935799999999998,1.393359413918,1.0822711215510001,5.004716323058,0,0,35.226322174071996,28.014715194702,28.014715194702,35.634288787842,27.997993469238,34.948905944824,27.997993469238,34.948905944824,43627.076232858795
99,,  4d 16:06:29.34,-4.499961852445,2.499656672007,1.39333,1.3930594521770001,1.082176968879,5.00338890776,0,0,35.177364349365,27.997993469238,27.997993469238,35.601650238037,28.048156738281,34.981540679931996,28.048156738281,34.981540679931996,43627.1132301157
100,,  4d 16:59:43.34,-4.499885557336,2.4999618524450002,1.3929,1.3927594555520002,1.081087788592,5.002110560908,0,0,35.242641448975,28.064878463744996,28.048156738281,35.520057678223,28.064878463744996,35.128410339355,27.997993469238,35.128410339355,43627.1502090972
101,,  4d 17:52:55.81,-4.499809262226,2.4999618524450002,1.39275,1.3923969678349999,1.081081774664,5.000680203292,0,0,35.340553283691,28.014715194702,27.964553833007997,35.617969512939,27.997993469238,34.932586669921996,27.931114196777,34.932586669921996,43627.187170162004
102,,  4d 18:46:05.89,-4.500114442664,2.4999618524450002,1.3923299999999998,1.392146922152,1.078277885844,4.999428352441,0,0,35.21000289917,28.014715194702,28.014715194702,35.585334777831996,28.014715194702,34.965225219727,27.947832107544,34.965225219727,43627.2241835069
103,,  4d 19:39:21.67,-4.500114442664,2.499809262226,1.39224,1.392171960191,1.0832732325049999,4.999236858612,0,0,34.965225219727,28.098318099976,28.031436920166,35.715881347656,28.098318099976,35.063137054443004,28.048156738281,35.063137054443004,43627.2611033565
104,,  4d 20:32:33.97,-4.499961852445,2.499809262226,1.39202,1.3918344047920002,1.079284653561,4.99790884927,0,0,35.405826568604,28.048156738281,27.964553833007997,35.536376953125,28.048156738281,34.981540679931996,27.997993469238,34.981540679931996,43627.2980626157
105,,  4d 21:25:44.07,-4.500038147555,2.4999618524450002,1.3917799999999998,1.391434452948,1.079339775065,4.996237064013,0,0,35.16104888916,28.031436920166,27.997993469238,35.536376953125,27.981275558472,34.965225219727,27.981275558472,34.965225219727,43627.3349963773
106,,  4d 22:18:57.85,-4.500190737774,2.499809262226,1.3915800000000005,1.391434444468,1.081681570927,4.996100234051,0,0,35.16104888916,28.081600189209,27.981275558472,35.56901550293,28.031436920166,35.144729614258,28.031436920166,35.144729614258,43627.3719726505
107,,  4d 23:12:12.01,-4.500038147555,2.4999618524450002,1.39129,1.391084436566,1.082160046531,4.994251049878,0,0,35.291595458984,28.014715194702,28.014715194702,35.55269241333,27.981275558472,35.226322174071996,27.914392471313,35.226322174071996,43627.4089534375
108,,  5d 00:05:25.13,-4.500038147555,2.4999618524450002,1.39095,1.390784409434,1.07971701404,4.993373802233,0,0,35.454780578613,28.098318099976,28.081600189209,35.715881347656,28.031436920166,35.242641448975,28.014715194702,35.242641448975,43627.4459221875
109,,  5d 00:58:34.91,-4.499961852445,2.4999618524450002,1.39073,1.390596912717,1.079245300132,4.992646243958,0,0,35.50373840332,28.064878463744996,28.048156738281,35.764839172363,28.014715194702,35.275276184081996,28.014715194702,35.275276184081996,43627.482852152796
110,,  5d 01:51:45.95,-4.499961852445,2.4999618524450002,1.3906999999999998,1.3904094392989998,1.080063274202,4.991096024665,0,0,35.536376953125,28.048156738281,28.048156738281,35.650608062744006,27.981275558472,35.128410339355,27.981275558472,35.128410339355,43627.519796956
111,,  5d 02:44:58.58,-4.499809262226,2.499809262226,1.3902100000000002,1.389934448323,1.080894624071,4.989667609593,0,0,35.438465118408,28.081600189209,28.081600189209,35.601650238037,28.048156738281,35.193683624268,28.048156738281,35.193683624268,43627.5567601968
112,,  5d 03:38:09.33,-4.500038147555,2.499809262226,1.38985,1.3891344058430002,1.076514156586,4.986550699094,0,0,35.50373840332,28.031436920166,28.031436920166,35.748519897461,28.031436920166,35.079452514648,28.031436920166,35.079452514648,43627.5937013773
113,,  5d 04:31:17.37,-4.500190737774,2.499809262226,1.38911,1.389059423152,1.079335663659,4.985461754495001,0,0,35.226322174071996,27.997993469238,27.981275558472,35.471099853516,28.014715194702,35.16104888916,27.931114196777,35.16104888916,43627.6306114583
114,,  5d 05:24:28.82,-4.500114442664,2.4999618524450002,1.38913,1.3889969463640002,1.080160284238,4.985486981576,0,0,35.324234008789,28.064878463744996,28.031436920166,35.56901550293,28.064878463744996,35.063137054443004,28.048156738281,35.063137054443004,43627.6675605903
115,,  5d 06:17:41.91,-4.500038147555,2.499809262226,1.38895,1.388859422977,1.0803854568870002,4.984582007199,0,0,35.177364349365,28.064878463744996,28.064878463744996,35.520057678223,28.014715194702,35.177364349365,28.014715194702,35.177364349365,43627.7045292593
116,,  5d 07:10:54.06,-4.499656672007,2.4999618524450002,1.38866,1.388634429151,1.080992347968,4.983723100475,0,0,35.291595458984,28.081600189209,28.081600189209,35.732196807861,28.064878463744996,35.193683624268,27.981275558472,35.193683624268,43627.7414867245
117,,  5d 08:04:02.59,-4.500114442664,2.4999618524450002,1.3886,1.388346904773,1.079844966448,4.982546017703,0,0,35.471099853516,28.081600189209,28.048156738281,35.813793182373,28.048156738281,35.046817779541,28.031436920166,35.046817779541,43627.778402581
118,,  5d 08:57:10.16,-4.499961852445,2.499809262226,1.3883299999999998,1.3879094089809998,1.0807137280349999,4.980583807936,0,0,35.340553283691,28.014715194702,28.014715194702,35.699562072754,28.031436920166,35.079452514648,27.997993469238,35.079452514648,43627.815306678196
119,,  5d 09:50:17.14,-4.500038147555,2.4999618524450002,1.38784,1.387884393915,1.07691256239,4.980612464917,0,0,35.226322174071996,28.248804092407,28.248804092407,35.601650238037,28.248804092407,35.324234008789,28.232084274292003,35.324234008789,43627.852204456
120,,  5d 10:43:22.49,-4.5002670328829995,2.4999618524450002,1.38769,1.387721939852,1.078000992703,4.979618796506999,0,0,35.471099853516,28.081600189209,28.081600189209,35.86275100708,28.098318099976,35.226322174071996,28.064878463744996,35.226322174071996,43627.8890832407
121,,  5d 11:36:30.93,-4.500038147555,2.499809262226,1.3877100000000002,1.387121909605,1.0783586118889998,4.976781502722,0,0,35.471099853516,28.031436920166,28.031436920166,35.846431732178004,28.048156738281,35.177364349365,28.031436920166,35.177364349365,43627.9259978241
122,,  5d 12:29:40.70,-4.499961852445,2.499656672007,1.3872,1.386946909003,1.079383623827,4.975966720449,0,0,35.422145843505994,28.048156738281,27.997993469238,35.715881347656,28.031436920166,35.275276184081996,28.014715194702,35.275276184081996,43627.962927962995
123,,  5d 13:22:49.21,-4.4997329671170005,2.499809262226,1.38683,1.3868219689469998,1.079598564461,4.97551498092,0,0,35.50373840332,27.981275558472,27.981275558472,35.797473907471,27.997993469238,35.226322174071996,27.981275558472,35.226322174071996,43627.999843287005
124,,  5d 14:15:56.07,-4.499885557336,2.499809262226,1.3867200000000002,1.386521923569,1.079351079136,4.973882176157,0,0,35.422145843505994,27.997993469238,27.997993469238,35.699562072754,27.997993469238,35.275276184081996,27.997993469238,35.275276184081996,43628.0367394329
125,,  5d 15:09:02.50,-4.499885557336,2.499809262226,1.38665,1.3861843938999998,1.077660215278,4.972214220889001,0,0,35.454780578613,28.014715194702,27.947832107544,35.928024291992,28.014715194702,35.128410339355,27.981275558472,35.128410339355,43628.0736308681
126,,  5d 16:02:08.90,-4.499809262226,2.4999618524450002,1.38598,1.3857469248949998,1.080555446833,4.9704822753930005,0,0,35.405826568604,27.964553833007997,27.964553833007997,35.797473907471,27.914392471313,35.291595458984,27.914392471313,35.291595458984,43628.110521956
127,,  5d 16:55:17.67,-4.500038147555,2.4999618524450002,1.38565,1.385596912342,1.0806993417319999,4.9698950150489996,0,0,35.55269241333,28.048156738281,28.048156738281,35.928024291992,28.048156738281,35.226322174071996,28.014715194702,35.226322174071996,43628.1474403472
128,,  5d 17:48:23.01,-4.500114442664,2.4999618524450002,1.38553,1.3853343986359998,1.079879248271,4.968571334153,0,0,35.438465118408,27.997993469238,27.981275558472,35.781154632568004,27.981275558472,35.226322174071996,27.964553833007997,35.226322174071996,43628.1843189468
129,,  5d 18:41:28.18,-4.499885557336,2.4999618524450002,1.38529,1.384984435416,1.079233014194,4.967033551922,0,0,35.56901550293,28.014715194702,27.964553833007997,35.764839172363,27.997993469238,35.258960723877,27.981275558472,35.258960723877,43628.2211955556
130,,  5d 19:34:34.06,-4.499961852445,2.499809262226,1.38494,1.3848844028040002,1.080872717109,4.966473908774,0,0,35.50373840332,28.031436920166,27.997993469238,35.86275100708,28.048156738281,35.291595458984,27.997993469238,35.291595458984,43628.2580806713
131,,  5d 20:27:39.75,-4.499809262226,2.499809262226,1.38485,1.3845969521830002,1.0787257988330001,4.96519012929,0,0,35.56901550293,28.014715194702,28.014715194702,35.895385742188,27.997993469238,35.340553283691,27.947832107544,35.340553283691,43628.2949634259
132,,  5d 21:20:45.84,-4.499885557336,2.4999618524450002,1.38439,1.384196907953,1.07755191008,4.9632963713819995,0,0,35.56901550293,27.997993469238,27.997993469238,35.928024291992,27.981275558472,35.373188018799,27.931114196777,35.373188018799,43628.331850706
133,,  5d 22:13:46.88,-4.499961852445,2.4999618524450002,1.3841,1.383771933716,1.078756244797,4.961889708557,0,0,35.666927337646,28.048156738281,28.048156738281,36.009616851806996,28.048156738281,35.324234008789,28.048156738281,35.324234008789,43628.3686796412
134,,  5d 23:06:49.75,-4.4997329671170005,2.4999618524450002,1.38374,1.38367189773,1.077239006505,4.961405144277,0,0,35.617969512939,28.081600189209,28.081600189209,35.895385742188,28.081600189209,35.21000289917,28.048156738281,35.21000289917,43628.4055297917
135,,  5d 23:59:53.01,-4.499961852445,2.499809262226,1.3836499999999998,1.3834843992899999,1.078245225451,4.960712082587,0,0,35.438465118408,28.098318099976,28.081600189209,35.91170501709,28.098318099976,35.422145843505994,27.997993469238,35.422145843505994,43628.4423843403
136,,  6d 00:52:56.88,-4.500114442664,2.4999618524450002,1.38352,1.3834219069609999,1.0794938959890001,4.960023806146,0,0,35.748519897461,28.098318099976,28.031436920166,35.944343566895,28.081600189209,35.487422943115,28.048156738281,35.487422943115,43628.4792461227
137,,  6d 01:46:01.88,-4.499961852445,2.499809262226,1.38334,1.3830969256560002,1.080244573229,4.958533103421,0,0,35.634288787842,28.064878463744996,28.064878463744996,35.86275100708,28.081600189209,35.422145843505994,28.048156738281,35.422145843505994,43628.5161207407
138,,  6d 02:39:05.67,-4.499961852445,2.499809262226,1.38303,1.382859434408,1.079155052818,4.957213028644,0,0,35.634288787842,28.064878463744996,28.064878463744996,36.009616851806996,28.081600189209,35.356868743896,28.031436920166,35.356868743896,43628.5529814468
139,,  6d 03:32:08.00,-4.500190737774,2.4999618524450002,1.38268,1.382396886284,1.078408830125,4.955338747039,0,0,35.585334777831996,28.048156738281,28.031436920166,36.058570861816,28.081600189209,35.520057678223,28.031436920166,35.520057678223,43628.5898254977
140,,  6d 04:25:10.12,-4.500038147555,2.499809262226,1.38237,1.382071924716,1.0782874869030001,4.953853142612,0,0,35.748519897461,28.098318099976,28.031436920166,35.846431732178004,28.064878463744996,35.405826568604,28.048156738281,35.405826568604,43628.6266668403
141,,  6d 05:18:09.67,-4.500038147555,2.499809262226,1.38208,1.381584397927,1.077482038096,4.9521685145609995,0,0,35.617969512939,28.098318099976,28.081600189209,35.846431732178004,28.031436920166,35.258960723877,28.014715194702,35.258960723877,43628.6634785185
142,,  6d 06:11:11.90,-4.499885557336,2.499656672007,1.38152,1.38185942614,1.080992216988,4.952901456539,0,0,35.55269241333,28.115039825439,28.048156738281,35.846431732178004,28.098318099976,35.454780578613,28.031436920166,35.454780578613,43628.7003214931
143,,  6d 07:04:12.59,-4.499809262226,2.499809262226,1.38163,1.381346890206,1.078507686729,4.951067265192,0,0,35.650608062744006,28.148479461670004,28.115039825439,35.993297576904,28.115039825439,35.520057678223,28.115039825439,35.520057678223,43628.7371461921
144,,  6d 07:57:14.63,-4.499885557336,2.4999618524450002,1.38139,1.381171923334,1.078279842917,4.949678250999,0,0,35.634288787842,28.014715194702,27.964553833007997,35.976978302002,27.997993469238,35.55269241333,27.947832107544,35.55269241333,43628.7739866319
145,,  6d 08:50:18.30,-4.499961852445,2.499809262226,1.3810600000000002,1.3809469113389998,1.081282709179,4.9487723765560006,0,0,35.764839172363,28.098318099976,28.098318099976,36.042255401611,28.081600189209,35.405826568604,28.031436920166,35.405826568604,43628.8108460648
146,,  6d 09:43:20.19,-4.500114442664,2.4999618524450002,1.38074,1.3803718845700002,1.079223208818,4.946094191288,0,0,35.585334777831996,28.098318099976,28.064878463744996,35.960662841796996,28.115039825439,35.356868743896,28.048156738281,35.356868743896,43628.8476852315
147,,  6d 10:36:18.89,-4.500190737774,2.4999618524450002,1.38025,1.3801843949939998,1.077330409644,4.94555281433,0,0,35.55269241333,28.031436920166,28.031436920166,35.879066467285,28.064878463744996,35.55269241333,27.981275558472,35.55269241333,43628.884486794
148,,  6d 11:29:18.56,-4.499885557336,2.499809262226,1.38021,1.379921906888,1.077245934327,4.944553477555,0,0,35.879066467285,28.115039825439,28.098318099976,36.270713806152,28.115039825439,35.55269241333,28.048156738281,35.55269241333,43628.921299733796
149,,  6d 12:22:18.87,-4.500190737774,2.499809262226,1.37988,1.3795343673390001,1.076619323631,4.942083614405,0,0,35.764839172363,27.964553833007997,27.964553833007997,36.042255401611,27.964553833007997,35.536376953125,27.964553833007997,35.536376953125,43628.9581201968
150,,  6d 13:15:20.76,-4.499885557336,2.4999618524450002,1.3794600000000001,1.3791969031529998,1.082019364013,4.940668499172999,0,0,35.715881347656,28.014715194702,27.981275558472,35.944343566895,28.031436920166,35.340553283691,27.964553833007997,35.340553283691,43628.9949590046
151,,  6d 14:08:21.80,-4.499885557336,2.499809262226,1.3790799999999999,1.3788718867969998,1.081593273398,4.939241208079,0,0,35.601650238037,27.981275558472,27.981275558472,36.140167236328004,27.931114196777,35.340553283691,27.931114196777,35.340553283691,43629.0317878704
152,,  6d 15:01:26.43,-4.499961852445,2.4999618524450002,1.3788200000000002,1.378859393162,1.082505664598,4.939040305604,0,0,35.56901550293,27.964553833007997,27.964553833007997,35.976978302002,27.981275558472,35.601650238037,27.947832107544,35.601650238037,43629.0686583333
153,,  6d 15:54:28.19,-4.500038147555,2.4999618524450002,1.37859,1.3782468665149998,1.081693987764,4.936279329296,0,0,35.879066467285,27.997993469238,27.997993469238,36.189121246338,27.964553833007997,35.56901550293,27.931114196777,35.56901550293,43629.1054956944
154,,  6d 16:47:27.79,-4.499961852445,2.4999618524450002,1.37814,1.377934402736,1.080135370279,4.935032322916,0,0,35.830112457275,28.014715194702,27.997993469238,36.091209411621,27.981275558472,35.520057678223,27.981275558472,35.520057678223,43629.1423079167
155,,  6d 17:40:27.54,-4.499961852445,2.499809262226,1.3779,1.377796922673,1.080589630428,4.9343790289300005,0,0,35.683242797852,27.964553833007997,27.964553833007997,36.091209411621,27.964553833007997,35.601650238037,27.964553833007997,35.601650238037,43629.179121956004
156,,  6d 18:33:25.74,-4.499885557336,2.4999618524450002,1.37776,1.3776843888299999,1.081176420875,4.933607934204001,0,0,35.781154632568004,27.947832107544,27.947832107544,36.058570861816,27.964553833007997,35.422145843505994,27.931114196777,35.422145843505994,43629.2159180787
157,,  6d 19:26:26.34,-4.499885557336,2.499809262226,1.37768,1.37729683757,1.081412046643,4.931725486523,0,0,35.634288787842,27.997993469238,27.997993469238,36.107528686523,27.981275558472,35.50373840332,27.931114196777,35.50373840332,43629.2527417014
158,,  6d 20:19:28.82,-4.499961852445,2.499656672007,1.37731,1.376984363095,1.082880926663,4.930228080641,0,0,35.715881347656,27.981275558472,27.981275558472,36.042255401611,27.964553833007997,35.601650238037,27.964553833007997,35.601650238037,43629.2895873843
159,,  6d 21:12:31.08,-4.499885557336,2.4999618524450002,1.37678,1.3766969028040001,1.083670002186,4.929251987402,0,0,35.879066467285,27.981275558472,27.981275558472,36.172801971436,27.997993469238,35.617969512939,27.931114196777,35.617969512939,43629.326430532405
160,,  6d 22:05:30.23,-4.500114442664,2.4999618524450002,1.3765100000000001,1.3762094089989998,1.0811205972640001,4.926904230337,0,0,35.781154632568004,28.064878463744996,28.014715194702,36.107528686523,28.048156738281,35.422145843505994,27.931114196777,35.422145843505994,43629.3632375694
161,,  6d 22:58:28.75,-4.499961852445,2.4999618524450002,1.37615,1.3759719155219998,1.081712743522,4.926102187087,0,0,35.732196807861,28.031436920166,28.014715194702,36.009616851806996,27.981275558472,35.536376953125,27.981275558472,35.536376953125,43629.4000373148
162,,  6d 23:51:26.33,-4.499961852445,2.4999618524450002,1.3758499999999998,1.375709411552,1.0811829465979998,4.924765323801,0,0,35.797473907471,27.931114196777,27.931114196777,36.009616851806996,27.897672653198,35.471099853516,27.880952835082997,35.471099853516,43629.4368262153
163,,  7d 00:44:21.15,-4.500114442664,2.4999618524450002,1.37564,1.3755469129049998,1.079550505578,4.923989856934,0,0,35.797473907471,27.931114196777,27.931114196777,36.156482696533,27.897672653198,35.55269241333,27.880952835082997,35.55269241333,43629.4735830903
164,,  7d 01:37:18.31,-4.500114442664,2.499809262226,1.37558,1.3753468725909999,1.083020658945,4.922687741762,0,0,35.748519897461,27.997993469238,27.981275558472,36.107528686523,27.981275558472,35.732196807861,27.914392471313,35.732196807861,43629.5103670949
165,,  7d 02:30:21.48,-4.499885557336,2.499809262226,1.37534,1.37520938792,1.08499714506,4.922314926148,0,0,35.879066467285,28.098318099976,28.014715194702,36.140167236328004,28.098318099976,35.55269241333,28.048156738281,35.55269241333,43629.5472205556
166,,  7d 03:23:21.20,-4.499961852445,2.4999618524450002,1.37501,1.374759372251,1.083227655747,4.920240877211,0,0,35.813793182373,28.048156738281,27.997993469238,36.140167236328004,27.997993469238,35.650608062744006,27.981275558472,35.650608062744006,43629.5840344097
167,,  7d 04:16:16.02,-4.4997329671170005,2.4999618524450002,1.37458,1.374209409207,1.079507007346,4.917825145085,0,0,35.797473907471,27.947832107544,27.947832107544,36.107528686523,27.914392471313,35.50373840332,27.914392471313,35.50373840332,43629.6207912963
168,,  7d 05:09:13.51,-4.499885557336,2.4999618524450002,1.37414,1.374134346638,1.085012328074,4.917539053198,0,0,35.732196807861,28.031436920166,27.997993469238,36.025936126709,27.997993469238,35.536376953125,27.997993469238,35.536376953125,43629.657579097206
169,,  7d 06:02:09.11,-4.499885557336,2.4999618524450002,1.37404,1.373809368472,1.081177641875,4.915982014864,0,0,35.781154632568004,28.014715194702,27.981275558472,36.042255401611,27.981275558472,35.683242797852,27.947832107544,35.683242797852,43629.6943451968
170,,  7d 06:55:07.86,-4.500038147555,2.4999618524450002,1.37381,1.373771892373,1.083529126113,4.915822884902,0,0,35.993297576904,28.048156738281,28.048156738281,36.270713806152,28.031436920166,35.634288787842,28.014715194702,35.634288787842,43629.731147662
171,,  7d 07:48:09.03,-4.499885557336,2.499656672007,1.3737100000000002,1.3745093609399999,1.0848550078380002,4.918098557124,0,0,35.830112457275,27.964553833007997,27.964553833007997,36.074890136719,27.964553833007997,36.058570861816,27.947832107544,36.058570861816,43629.7679777894
172,,  7d 08:41:03.62,-4.500114442664,2.4999618524450002,1.37473,1.3740343770910002,1.07499677337,4.917322067721,0,0,36.221759796143,28.248804092407,28.198640823364002,36.629722595215,28.215362548828,35.781154632568004,28.165201187134,35.781154632568004,43629.8047323148
173,,  7d 09:33:59.80,-4.499961852445,2.499809262226,1.37363,1.373321922814,1.0779353507179998,4.913652138324,0,0,36.042255401611,28.064878463744996,28.064878463744996,36.352306365967,28.081600189209,35.715881347656,28.048156738281,35.715881347656,43629.8415049306
174,,  7d 10:26:55.56,-4.500190737774,2.499656672007,1.3731099999999998,1.3726093933149999,1.08035856263,4.910695947874,0,0,35.976978302002,28.064878463744996,28.064878463744996,36.238079071045,28.031436920166,35.601650238037,28.014715194702,35.601650238037,43629.878273020804
175,,  7d 11:19:50.08,-4.500038147555,2.4999618524450002,1.37255,1.37233438185,1.081222701656,4.909479258299,0,0,35.781154632568004,28.064878463744996,28.048156738281,36.20544052124,28.031436920166,35.683242797852,28.031436920166,35.683242797852,43629.91502625
176,,  7d 12:12:43.81,-4.499885557336,2.4999618524450002,1.37224,1.3720593729,1.0798656285780002,4.908145091544,0,0,35.879066467285,28.098318099976,28.098318099976,36.20544052124,28.115039825439,35.683242797852,28.064878463744996,35.683242797852,43629.9517704977
177,,  7d 13:05:38.52,-4.500038147555,2.4999618524450002,1.37201,1.3720468732289999,1.083383422447,4.907946125991,0,0,35.928024291992,27.997993469238,27.997993469238,36.238079071045,28.031436920166,35.830112457275,28.014715194702,35.830112457275,43629.9885262963
178,,  7d 13:58:38.17,-4.499809262226,2.4999618524450002,1.3721500000000002,1.371834366689,1.084596329648,4.90667404857,0,0,36.091209411621,27.981275558472,27.981275558472,36.401264190674,27.997993469238,35.764839172363,27.964553833007997,35.764839172363,43630.0253388773
179,,  7d 14:51:36.53,-4.500114442664,2.499809262226,1.3715000000000002,1.371359353919,1.0837745628589999,4.904875541897,0,0,35.928024291992,28.081600189209,28.081600189209,36.335990905762,28.098318099976,35.617969512939,28.031436920166,35.617969512939,43630.0621368171
180,,  7d 15:44:34.49,-4.499809262226,2.4999618524450002,1.37122,1.3709843786790001,1.082840728942,4.903230881138,0,0,35.928024291992,28.048156738281,28.048156738281,36.270713806152,28.064878463744996,35.764839172363,27.997993469238,35.764839172363,43630.098930405096
181,,  7d 16:37:32.16,-4.500114442664,2.4999618524450002,1.37083,1.3706718619859999,1.0838255593019999,4.901529709478,0,0,35.993297576904,28.064878463744996,28.064878463744996,36.287033081055,28.081600189209,35.797473907471,28.031436920166,35.797473907471,43630.1357202083
182,,  7d 17:30:25.74,-4.499885557336,2.4999618524450002,1.37056,1.3701843508559999,1.0794367563200002,4.8994118705,0,0,35.993297576904,28.014715194702,28.014715194702,36.25439453125,28.031436920166,35.748519897461,28.031436920166,35.748519897461,43630.172462800896
183,,  7d 18:23:18.60,-4.500038147555,2.4999618524450002,1.37022,1.3701343835820001,1.084126646686,4.899137865498,0,0,35.895385742188,28.014715194702,28.014715194702,36.287033081055,27.981275558472,35.748519897461,27.981275558472,35.748519897461,43630.2091970718
184,,  7d 19:16:15.60,-4.500190737774,2.4999618524450002,1.37012,1.3700218681349998,1.0837217098810001,4.898805897922,0,0,35.944343566895,28.064878463744996,28.064878463744996,36.335990905762,28.031436920166,35.781154632568004,28.031436920166,35.781154632568004,43630.2459790856
185,,  7d 20:09:12.67,-4.500190737774,2.4999618524450002,1.3698299999999999,1.369584373424,1.0849684024439998,4.89691535371,0,0,36.025936126709,28.115039825439,28.098318099976,36.287033081055,28.064878463744996,35.748519897461,28.064878463744996,35.748519897461,43630.2827621991
186,,  7d 21:02:08.47,-4.500190737774,2.4999618524450002,1.36944,1.369484378128,1.085011461993,4.896150277536,0,0,36.009616851806996,28.064878463744996,28.031436920166,36.303352355956996,28.048156738281,35.764839172363,28.014715194702,35.764839172363,43630.319530463
187,,  7d 21:55:05.34,-4.500190737774,2.4999618524450002,1.3694,1.3691843705899998,1.082994917967,4.894425517136,0,0,35.86275100708,28.031436920166,28.014715194702,36.287033081055,28.014715194702,35.813793182373,27.997993469238,35.813793182373,43630.3563112269
188,,  7d 22:48:01.05,-4.500114442664,2.499809262226,1.36903,1.3691093904859999,1.082855863617,4.894356319685,0,0,36.009616851806996,28.131761550903,28.098318099976,36.401264190674,28.131761550903,35.895385742188,28.064878463744996,35.895385742188,43630.3930784491
189,,  7d 23:40:52.44,-4.4997329671170005,2.499809262226,1.36887,1.3684093642750002,1.083845470349,4.8910863420599995,0,0,36.074890136719,28.014715194702,28.014715194702,36.5481300354,28.031436920166,35.91170501709,28.031436920166,35.91170501709,43630.429795717595
190,,  8d 00:33:43.96,-4.4997329671170005,2.4999618524450002,1.3685399999999999,1.368259381602,1.08188889845,4.890485618202001,0,0,36.058570861816,28.081600189209,28.081600189209,36.287033081055,28.098318099976,35.86275100708,28.098318099976,35.86275100708,43630.4665144329
191,,  8d 01:26:39.92,-4.500114442664,2.4999618524450002,1.36815,1.3679843917480001,1.083857897811,4.889421195023,0,0,36.107528686523,28.115039825439,28.115039825439,36.352306365967,28.165201187134,35.55269241333,28.131761550903,35.55269241333,43630.5032845139
192,,  8d 02:19:35.17,-4.499885557336,2.4999618524450002,1.36786,1.3680093654700003,1.083081907101,4.888824253315,0,0,35.764839172363,28.098318099976,28.081600189209,36.25439453125,28.131761550903,35.960662841796996,28.048156738281,35.960662841796996,43630.5400462731
193,,  8d 03:12:28.04,-4.500038147555,2.4999618524450002,1.3678,1.3673093715509999,1.082153478528,4.886305463163,0,0,36.221759796143,28.131761550903,28.131761550903,36.450218200684,28.064878463744996,35.732196807861,28.064878463744996,35.732196807861,43630.5767807292
194,,  8d 04:05:23.44,-4.500038147555,2.4999618524450002,1.3673,1.36744683087,1.088141501848,4.885975992588,0,0,36.009616851806996,27.947832107544,27.947832107544,36.417583465576,27.897672653198,35.944343566895,27.864231109619002,35.944343566895,43630.6135443056
195,,  8d 04:58:16.40,-4.499809262226,2.4999618524450002,1.36733,1.366784331642,1.083488711847,4.882957031378,0,0,36.156482696533,27.964553833007997,27.964553833007997,36.482856750488,27.981275558472,35.944343566895,27.931114196777,35.944343566895,43630.650279837995
196,,  8d 05:51:08.73,-4.500038147555,2.4999618524450002,1.3666200000000002,1.366984366891,1.0840946630969999,4.884347176935,0,0,36.20544052124,28.064878463744996,28.048156738281,36.352306365967,28.014715194702,35.86275100708,28.014715194702,35.86275100708,43630.687007962995
197,,  8d 06:44:04.00,-4.500114442664,2.4999618524450002,1.3669,1.366659350242,1.087200419405,4.882712664624,0,0,36.123847961426,28.048156738281,27.964553833007997,36.433898925781,28.048156738281,35.976978302002,27.914392471313,35.976978302002,43630.7237700694
198,,  8d 07:36:59.37,-4.500038147555,2.4999618524450002,1.3665200000000002,1.366059387834,1.086475460929,4.880084346336,0,0,36.156482696533,28.064878463744996,28.031436920166,36.450218200684,28.064878463744996,35.895385742188,27.981275558472,35.895385742188,43630.7605334606
199,,  8d 08:29:53.15,-4.499961852445,2.499656672007,1.36604,1.365746833398,1.0855140535330001,4.878580285713,0,0,36.025936126709,28.031436920166,28.031436920166,36.401264190674,28.081600189209,35.764839172363,28.014715194702,35.764839172363,43630.797278402795
200,,  8d 09:22:47.43,-4.500114442664,2.499809262226,1.3656900000000003,1.3656468573640002,1.086086908135,4.877812537463,0,0,36.123847961426,28.031436920166,27.997993469238,36.597087860107,27.981275558472,35.993297576904,27.914392471313,35.993297576904,43630.8340291319
201,,  8d 10:15:38.04,-4.500038147555,2.499809262226,1.3654700000000002,1.3651218495339998,1.082965156922,4.875214867477,0,0,36.238079071045,27.931114196777,27.931114196777,36.580768585205,27.931114196777,35.960662841796996,27.897672653198,35.960662841796996,43630.8707371875
202,,  8d 11:08:28.66,-4.500114442664,2.4999618524450002,1.36491,1.3650343534220002,1.083052825775,4.875340688641,0,0,36.140167236328004,28.014715194702,27.964553833007997,36.352306365967,27.997993469238,35.960662841796996,27.914392471313,35.960662841796996,43630.9074454051
203,,  8d 12:01:23.54,-4.499885557336,2.4999618524450002,1.36505,1.3647968343549999,1.086099956772,4.873977317592,0,0,36.156482696533,28.064878463744996,28.031436920166,36.401264190674,28.031436920166,35.879066467285,27.997993469238,35.879066467285,43630.9442031944
204,,  8d 12:54:19.38,-4.500038147555,2.4999618524450002,1.3647399999999998,1.364421830363,1.087644456834,4.872695771419,0,0,36.058570861816,28.081600189209,28.031436920166,36.450218200684,28.064878463744996,35.699562072754,28.048156738281,35.699562072754,43630.9809720139
205,,  8d 13:47:12.15,-4.499809262226,2.499809262226,1.36406,1.364246857746,1.0865928852189999,4.871357239180001,0,0,35.976978302002,27.997993469238,27.981275558472,36.352306365967,28.031436920166,35.993297576904,27.981275558472,35.993297576904,43631.0177050116
206,,  8d 14:40:06.98,-4.500114442664,2.499809262226,1.36419,1.363984347164,1.085129394467,4.870106988725,0,0,36.189121246338,28.031436920166,28.031436920166,36.531810760498,28.031436920166,35.830112457275,27.997993469238,35.830112457275,43631.0544620718
207,,  8d 15:32:57.62,-4.499885557336,2.4999618524450002,1.36382,1.3636593340600003,1.085620067179,4.868673824166,0,0,36.107528686523,28.064878463744996,27.981275558472,36.499176025391,28.048156738281,36.009616851806996,28.031436920166,36.009616851806996,43631.0911707407
208,,  8d 16:25:50.18,-4.499961852445,2.499809262226,1.3635899999999999,1.363196860963,1.086530823125,4.867020946278,0,0,36.172801971436,27.981275558472,27.981275558472,36.433898925781,27.981275558472,35.846431732178004,27.931114196777,35.846431732178004,43631.1279015741
209,,  8d 17:18:45.34,-4.499885557336,2.4999618524450002,1.36325,1.362834319598,1.089322556771,4.865004528091,0,0,36.20544052124,28.014715194702,28.014715194702,36.335990905762,28.031436920166,35.944343566895,27.997993469238,35.944343566895,43631.1646624421
210,,  8d 18:11:35.77,-4.500114442664,2.499809262226,1.36264,1.362746871209,1.087344873346,4.8641370016479994,0,0,36.058570861816,27.964553833007997,27.931114196777,36.433898925781,27.947832107544,36.009616851806996,27.914392471313,36.009616851806996,43631.2013684954
211,,  8d 19:04:31.25,-4.500038147555,2.4999618524450002,1.36259,1.3625968032240001,1.0917560418680001,4.86376732069,0,0,36.172801971436,28.031436920166,27.964553833007997,36.417583465576,27.997993469238,35.976978302002,27.931114196777,35.976978302002,43631.2381331481
212,,  8d 19:57:25.26,-4.500114442664,2.4999618524450002,1.3624,1.361946826052,1.0877393642020001,4.861099912994,0,0,36.107528686523,27.981275558472,27.981275558472,36.433898925781,27.981275558472,35.976978302002,27.981275558472,35.976978302002,43631.2748808102
213,,  8d 20:50:08.96,-4.500038147555,2.4999618524450002,1.36204,1.3626593389359998,1.078716079162,4.864005439951001,0,0,36.20544052124,28.148479461670004,28.148479461670004,36.482856750488,28.148479461670004,36.140167236328004,28.148479461670004,36.140167236328004,43631.311508912004
214,,  8d 21:42:57.98,-4.499961852445,2.4999618524450002,1.36247,1.3622093728540001,1.083302396731,4.861972301387,0,0,36.401264190674,28.148479461670004,28.131761550903,36.727634429931996,28.165201187134,36.25439453125,28.115039825439,36.25439453125,43631.348198692096
215,,  8d 22:35:48.46,-4.500190737774,2.4999618524450002,1.36196,1.3616468445519998,1.085014239709,4.859144473644,0,0,36.482856750488,27.981275558472,27.981275558472,36.662364959717,27.997993469238,36.074890136719,27.997993469238,36.074890136719,43631.384905463
216,,  8d 23:28:49.04,-4.500038147555,2.4999618524450002,1.36193,1.362821853233,1.088269529879,4.866263548916,0,0,36.20544052124,28.432729721069002,28.432729721069002,36.694999694824,28.399290084839002,36.384948730469,28.399290084839002,36.384948730469,43631.4217290856
217,,  9d 00:21:41.44,-4.500038147555,2.499809262226,1.3625600000000002,1.3610968585440002,1.084437712955,4.857632896039,0,0,36.5481300354,28.198640823364002,28.198640823364002,36.923461914062,28.181922912598,35.895385742188,28.148479461670004,35.895385742188,43631.4584579282
218,,  9d 01:14:31.60,-4.500114442664,2.4999618524450002,1.36095,1.360709353579,1.085866956145,4.855348826639,0,0,36.107528686523,28.131761550903,28.131761550903,36.450218200684,28.098318099976,36.009616851806996,28.098318099976,36.009616851806996,43631.4951609144
219,,  9d 02:07:20.36,-4.500114442664,2.4999618524450002,1.36038,1.3605718527739998,1.085029502667,4.854511932285,0,0,36.238079071045,28.031436920166,28.031436920166,36.597087860107,28.048156738281,35.960662841796996,28.031436920166,35.960662841796996,43631.5318476157
220,,  9d 03:00:07.30,-4.499885557336,2.4999618524450002,1.36058,1.36043436712,1.084656208634,4.8539249800910005,0,0,36.221759796143,28.131761550903,28.064878463744996,36.597087860107,28.131761550903,35.993297576904,28.048156738281,35.993297576904,43631.5685135185
221,,  9d 03:52:58.62,-4.499961852445,2.4999618524450002,1.3606,1.359984331754,1.086535576809,4.851846368154,0,0,36.221759796143,28.148479461670004,28.131761550903,36.597087860107,28.115039825439,36.058570861816,28.115039825439,36.058570861816,43631.6052298843
222,,  9d 04:45:47.53,-4.499961852445,2.4999618524450002,1.3597,1.359771781753,1.087779625704,4.8499652253539995,0,0,36.221759796143,27.947832107544,27.947832107544,36.482856750488,27.931114196777,36.025936126709,27.914392471313,36.025936126709,43631.641918588
223,,  9d 05:38:37.71,-4.500114442664,2.499809262226,1.35955,1.359509340974,1.086524627987,4.848964782167999,0,0,36.335990905762,28.031436920166,28.031436920166,36.662364959717,28.014715194702,36.091209411621,27.981275558472,36.091209411621,43631.6786217477
224,,  9d 06:31:31.07,-4.500038147555,2.4999618524450002,1.3594700000000002,1.359196845647,1.089091062976,4.8475017391140005,0,0,36.352306365967,27.997993469238,27.997993469238,36.662364959717,27.997993469238,36.172801971436,27.964553833007997,36.172801971436,43631.7153616204
225,,  9d 07:24:20.02,-4.499885557336,2.4999618524450002,1.3589200000000001,1.358809311177,1.088336865719,4.846570241968,0,0,36.335990905762,28.115039825439,28.098318099976,36.776592254639,28.064878463744996,36.074890136719,28.031436920166,36.074890136719,43631.7520508565
226,,  9d 08:17:08.71,-4.499961852445,2.4999618524450002,1.35877,1.3589718165329998,1.087683249489,4.8466304057239995,0,0,36.368625640869006,28.064878463744996,28.048156738281,36.597087860107,28.014715194702,36.238079071045,28.014715194702,36.238079071045,43631.788736840295
227,,  9d 09:09:58.55,-4.499809262226,2.4999618524450002,1.35883,1.3586093302700002,1.087103365632,4.844524325571,0,0,36.433898925781,28.014715194702,27.931114196777,36.760276794434,28.014715194702,36.20544052124,27.931114196777,36.20544052124,43631.8254361343
228,,  9d 10:02:49.88,-4.500038147555,2.499809262226,1.35881,1.358071823689,1.089316202304,4.842353036935,0,0,36.417583465576,28.098318099976,28.081600189209,36.727634429931996,28.115039825439,36.20544052124,28.064878463744996,36.20544052124,43631.862152673595
229,,  9d 10:55:40.96,-4.500038147555,2.499809262226,1.3576899999999998,1.357621808197,1.0913260755299998,4.839663000536,0,0,36.384948730469,27.964553833007997,27.931114196777,36.515495300293004,27.964553833007997,36.123847961426,27.897672653198,36.123847961426,43631.8988661458
230,,  9d 11:48:33.29,-4.500038147555,2.4999618524450002,1.35737,1.3572718048910002,1.092341881186,4.838051467582,0,0,36.466537475586,28.031436920166,28.031436920166,36.629722595215,28.031436920166,35.993297576904,27.981275558472,35.993297576904,43631.9355946296
231,,  9d 12:41:28.08,-4.499885557336,2.4999618524450002,1.3571799999999998,1.356959335685,1.091136985368,4.837405647522,0,0,36.221759796143,28.014715194702,27.981275558472,36.727634429931996,28.031436920166,35.993297576904,27.981275558472,35.993297576904,43631.9723509722
232,,  9d 13:34:22.24,-4.500114442664,2.4999618524450002,1.35679,1.3568218158340002,1.093236114668,4.836563420889,0,0,36.417583465576,28.014715194702,27.997993469238,36.662364959717,28.014715194702,36.25439453125,27.964553833007997,36.25439453125,43632.009100254596
233,,  9d 14:27:13.93,-4.499885557336,2.499809262226,1.3570099999999998,1.3570092937740001,1.09375034365,4.8372664454,0,0,36.531810760498,27.981275558472,27.981275558472,36.646045684814,27.997993469238,36.074890136719,27.964553833007997,36.074890136719,43632.0458207755
234,,  9d 15:20:02.47,-4.499961852445,2.499809262226,1.3569799999999999,1.3571343093830002,1.090575863319,4.837634524333001,0,0,36.335990905762,28.031436920166,28.031436920166,36.61340713501,28.031436920166,36.20544052124,28.031436920166,36.20544052124,43632.0825053125
235,,  9d 16:12:55.19,-4.499656672007,2.4999618524450002,1.35696,1.3565343341159999,1.089090867483,4.83540647102,0,0,36.482856750488,28.165201187134,28.148479461670004,36.825550079346,28.131761550903,36.20544052124,28.115039825439,36.20544052124,43632.1192377778
236,,  9d 17:05:38.80,-4.499961852445,2.499809262226,1.3562999999999998,1.3563343094999998,1.089770852197,4.833954485135,0,0,36.417583465576,27.947832107544,27.931114196777,36.776592254639,27.931114196777,36.319671630859,27.931114196777,36.319671630859,43632.1558651505
237,,  9d 17:58:29.85,-4.500038147555,2.4999618524450002,1.3562,1.35633432051,1.0901998675540001,4.834211571112,0,0,36.499176025391,28.081600189209,28.081600189209,36.858184814453004,28.064878463744996,36.499176025391,28.064878463744996,36.499176025391,43632.1925786227
238,,  9d 18:51:16.85,-4.500114442664,2.499809262226,1.3562,1.355834325478,1.088429050357,4.831858551149,0,0,36.678680419921996,28.031436920166,28.031436920166,36.972415924071996,28.014715194702,36.009616851806996,27.981275558472,36.009616851806996,43632.2292450694
239,,  9d 19:44:02.03,-4.500038147555,2.499809262226,1.3557799999999998,1.355409316756,1.086380398628,4.829537659325,0,0,36.499176025391,28.115039825439,28.098318099976,36.890823364258,28.115039825439,36.335990905762,28.081600189209,36.335990905762,43632.265889999995
240,,  9d 20:36:53.39,-4.499809262226,2.4999618524450002,1.35532,1.355959319022,1.0884983864,4.833015932548999,0,0,36.580768585205,28.265525817870998,28.232084274292003,36.858184814453004,28.282247543335,36.515495300293004,28.265525817870998,36.515495300293004,43632.3026069097
241,,  9d 21:29:46.64,-4.500038147555,2.4999618524450002,1.35598,1.355234350079,1.087179274701,4.828794595076,0,0,36.694999694824,28.181922912598,28.165201187134,37.054008483887,28.198640823364002,36.238079071045,28.165201187134,36.238079071045,43632.339345694396
242,,  9d 22:22:38.58,-4.500038147555,2.499809262226,1.35481,1.355096809118,1.090198442066,4.827171203775,0,0,36.662364959717,28.081600189209,28.048156738281,36.939781188965,28.048156738281,36.303352355956996,28.031436920166,36.303352355956996,43632.3760693056
243,,  9d 23:15:33.14,-4.499885557336,2.499809262226,1.35514,1.354521841358,1.0902643360770001,4.825903191057,0,0,36.499176025391,28.232084274292003,28.215362548828,36.923461914062,28.165201187134,36.417583465576,28.165201187134,36.417583465576,43632.412823287
244,,  10d 00:08:24.65,-4.500038147555,2.499809262226,1.35432,1.354109315113,1.0922908976530001,4.823419919906,0,0,36.694999694824,28.048156738281,28.048156738281,37.021373748779,28.064878463744996,36.368625640869006,28.048156738281,36.368625640869006,43632.4495418171
245,,  10d 01:01:12.07,-4.500038147555,2.4999618524450002,1.35397,1.353859333154,1.089995206016,4.82205227484,0,0,36.694999694824,27.981275558472,27.981275558472,36.890823364258,28.014715194702,36.352306365967,27.981275558472,36.352306365967,43632.4862133333
246,,  10d 01:54:03.92,-4.500038147555,2.4999618524450002,1.35389,1.353721845258,1.09201133668,4.821303385519,0,0,36.727634429931996,28.064878463744996,28.048156738281,37.070327758789,28.014715194702,36.384948730469,27.981275558472,36.384948730469,43632.5229358449
247,,  10d 02:46:57.87,-4.499961852445,2.4999618524450002,1.3535400000000002,1.35357182773,1.094735412406,4.8200948832,0,0,36.61340713501,28.014715194702,27.997993469238,37.021373748779,27.997993469238,36.335990905762,27.981275558472,36.335990905762,43632.5596827778
248,,  10d 03:39:52.99,-4.499885557336,2.4999618524450002,1.35339,1.3536842853100002,1.092617694379,4.821431906418,0,0,36.580768585205,27.931114196777,27.931114196777,36.939781188965,27.914392471313,36.466537475586,27.914392471313,36.466537475586,43632.5964431019
249,,  10d 04:32:44.85,-4.500114442664,2.499809262226,1.35379,1.3531843142879998,1.09067717263,4.818863601879,0,0,36.760276794434,27.964553833007997,27.964553833007997,37.119285583496,27.997993469238,36.450218200684,27.997993469238,36.450218200684,43632.633165787
250,,  10d 05:25:34.84,-4.499961852445,2.4999618524450002,1.3528299999999998,1.3530468146669998,1.091213222449,4.818219262077999,0,0,36.629722595215,28.181922912598,28.181922912598,37.005054473877,28.131761550903,36.433898925781,28.131761550903,36.433898925781,43632.6698667824
251,,  10d 06:18:24.95,-4.500038147555,2.4999618524450002,1.3529200000000001,1.352546789212,1.08895247416,4.815482322059,0,0,36.646045684814,28.014715194702,28.014715194702,37.021373748779,28.014715194702,36.466537475586,28.014715194702,36.466537475586,43632.7065692593
252,,  10d 07:11:13.50,-4.500114442664,2.4999618524450002,1.3524399999999999,1.352371796042,1.091317396579,4.814679406215999,0,0,36.629722595215,28.081600189209,28.081600189209,37.054008483887,28.081600189209,36.466537475586,28.081600189209,36.466537475586,43632.7432536227
253,,  10d 08:04:03.83,-4.500038147555,2.4999618524450002,1.3524100000000001,1.3521468377849999,1.092954885133,4.813480247248,0,0,36.662364959717,27.981275558472,27.981275558472,37.021373748779,27.997993469238,36.466537475586,27.947832107544,36.466537475586,43632.779958588
254,,  10d 08:56:56.91,-4.500114442664,2.4999618524450002,1.35198,1.351746800694,1.091961501656,4.811613552109,0,0,36.694999694824,28.064878463744996,28.031436920166,37.054008483887,28.031436920166,36.450218200684,28.031436920166,36.450218200684,43632.8166953935
255,,  10d 09:49:52.99,-4.500038147555,2.499809262226,1.35169,1.351446813768,1.0938302671690001,4.810317579994,0,0,36.678680419921996,28.048156738281,28.031436920166,36.972415924071996,28.014715194702,36.450218200684,27.981275558472,36.450218200684,43632.8534667361
256,,  10d 10:42:44.78,-4.500114442664,2.499809262226,1.3511,1.3511218045050002,1.093925096716,4.808607204398,0,0,36.727634429931996,28.031436920166,28.014715194702,36.988735198975,28.031436920166,36.368625640869006,27.997993469238,36.368625640869006,43632.8901887153
257,,  10d 11:35:34.49,-4.499885557336,2.4999618524450002,1.35099,1.350746787477,1.0928601598799998,4.806745380874,0,0,36.662364959717,27.997993469238,27.997993469238,37.021373748779,28.014715194702,36.433898925781,27.997993469238,36.433898925781,43632.926886631896
258,,  10d 12:28:24.89,-4.5002670328829995,2.4999618524450002,1.35069,1.350534332899,1.093549881813,4.805517073480001,0,0,36.792911529541,27.964553833007997,27.931114196777,36.90714263916,27.931114196777,36.303352355956996,27.914392471313,36.303352355956996,43632.9635937732
259,,  10d 13:21:15.40,-4.500114442664,2.4999618524450002,1.35047,1.3502717844190002,1.093011931796,4.8043344190560004,0,0,36.5481300354,27.964553833007997,27.947832107544,36.90714263916,27.981275558472,36.433898925781,27.914392471313,36.433898925781,43633.000299467596
260,,  10d 14:14:09.43,-4.499809262226,2.499809262226,1.35029,1.3501592939840001,1.095806476249,4.803793774147,0,0,36.629722595215,27.981275558472,27.981275558472,37.021373748779,28.031436920166,36.401264190674,28.031436920166,36.401264190674,43633.0370471181
261,,  10d 15:07:05.47,-4.500038147555,2.4999618524450002,1.34994,1.3500593132499998,1.095897549402,4.80331627991,0,0,36.662364959717,28.064878463744996,28.064878463744996,36.95609664917,28.048156738281,36.564453125,28.048156738281,36.564453125,43633.073818287005
262,,  10d 16:00:01.63,-4.499885557336,2.4999618524450002,1.34978,1.349559286644,1.098238630975,4.800730260488,0,0,36.760276794434,28.031436920166,28.014715194702,36.988735198975,27.997993469238,36.580768585205,27.997993469238,36.580768585205,43633.110590544
263,,  10d 16:52:52.98,-4.500190737774,2.4999618524450002,1.34941,1.3495343149880001,1.0939722850390001,4.800994941491,0,0,36.858184814453004,28.098318099976,28.031436920166,37.070327758789,28.081600189209,36.531810760498,28.014715194702,36.531810760498,43633.1473076389
264,,  10d 17:45:46.68,-4.500114442664,2.4999618524450002,1.34956,1.348996794507,1.097145431123,4.798323546964,0,0,36.760276794434,28.048156738281,28.031436920166,37.037693023681996,28.014715194702,36.678680419921996,27.981275558472,36.678680419921996,43633.1840513079
265,,  10d 18:38:34.86,-4.500038147555,2.4999618524450002,1.3488099999999998,1.3487218276859998,1.091938314507,4.796575460880001,0,0,36.923461914062,28.048156738281,27.981275558472,37.119285583496,28.014715194702,36.401264190674,27.964553833007997,36.401264190674,43633.220731504596
266,,  10d 19:31:26.59,-4.499961852445,2.499809262226,1.34872,1.348946807148,1.096172289506,4.797799315282,0,0,36.662364959717,28.048156738281,27.981275558472,36.988735198975,28.031436920166,36.515495300293004,27.997993469238,36.515495300293004,43633.2574527546
267,,  10d 20:24:19.61,-4.500114442664,2.4999618524450002,1.34875,1.348609304523,1.099833998796,4.796368592349,0,0,36.825550079346,28.031436920166,28.031436920166,37.24983215332,28.014715194702,36.61340713501,28.014715194702,36.61340713501,43633.294188831
268,,  10d 21:17:15.23,-4.500038147555,2.4999618524450002,1.34841,1.348021807527,1.09990594194,4.793712117697,0,0,36.825550079346,28.048156738281,27.997993469238,37.168239593505994,28.014715194702,36.646045684814,27.964553833007997,36.646045684814,43633.3309549306
269,,  10d 22:10:05.82,-4.500038147555,2.4999618524450002,1.34781,1.347859281232,1.095260683523,4.79237544899,0,0,36.858184814453004,27.914392471313,27.814067840576,37.086647033691,27.914392471313,36.646045684814,27.897672653198,36.646045684814,43633.3676628009
270,,  10d 23:02:58.21,-4.500190737774,2.499809262226,1.3478299999999999,1.3477968227630002,1.096795685268,4.792215221862,0,0,36.972415924071996,27.964553833007997,27.964553833007997,37.217197418213,28.014715194702,36.531810760498,27.997993469238,36.531810760498,43633.404391956
271,,  10d 23:55:51.98,-4.499961852445,2.499809262226,1.34769,1.347334273795,1.096373480766,4.789753117292,0,0,36.825550079346,28.014715194702,28.014715194702,37.119285583496,27.997993469238,36.401264190674,27.981275558472,36.401264190674,43633.4411365278
272,,  11d 00:48:43.84,-4.500038147555,2.4999618524450002,1.3472700000000002,1.347271775967,1.097119280284,4.789505634006,0,0,36.678680419921996,28.064878463744996,27.981275558472,36.988735198975,28.031436920166,36.61340713501,27.931114196777,36.61340713501,43633.4778591319
273,,  11d 01:41:37.79,-4.499809262226,2.4999618524450002,1.34723,1.346896809305,1.097468698332,4.787765774862,0,0,36.858184814453004,28.064878463744996,28.031436920166,37.086647033691,28.048156738281,36.515495300293004,27.981275558472,36.515495300293004,43633.5146062384
274,,  11d 02:34:31.28,-4.4997329671170005,2.499809262226,1.34666,1.346571767119,1.097970087543,4.786238652709,0,0,36.743957519531,27.864231109619002,27.864231109619002,37.233512878418004,27.897672653198,36.499176025391,27.897672653198,36.499176025391,43633.5513477083
275,,  11d 03:27:25.54,-4.500038147555,2.4999618524450002,1.34645,1.346484276486,1.097907163927,4.785761485126,0,0,36.727634429931996,27.997993469238,27.997993469238,37.102966308594,27.997993469238,36.711318969727,27.997993469238,36.711318969727,43633.588098078704
276,,  11d 04:20:20.12,-4.499885557336,2.499809262226,1.34628,1.3461218113479998,1.096634610733,4.784124945408,0,0,36.858184814453004,27.897672653198,27.897672653198,37.119285583496,27.880952835082997,36.482856750488,27.880952835082997,36.482856750488,43633.6248524306
277,,  11d 05:13:11.83,-4.499961852445,2.499656672007,1.34597,1.3458592534409999,1.096492410772,4.782816646894,0,0,36.760276794434,27.997993469238,27.997993469238,37.168239593505994,27.964553833007997,36.466537475586,27.914392471313,36.466537475586,43633.661573136604
278,,  11d 06:06:01.69,-4.499961852445,2.4999618524450002,1.34584,1.345821777663,1.0965745663089999,4.78247715424,0,0,36.678680419921996,27.964553833007997,27.964553833007997,37.331424713135,27.997993469238,36.727634429931996,27.964553833007997,36.727634429931996,43633.6982727546
279,,  11d 06:58:55.51,-4.499885557336,2.4999618524450002,1.34571,1.3453717960120002,1.0997850289309998,4.780170446576,0,0,36.858184814453004,27.964553833007997,27.931114196777,37.151920318604,27.947832107544,36.466537475586,27.931114196777,36.466537475586,43633.7350181481
280,,  11d 07:51:48.22,-4.499961852445,2.4999618524450002,1.3451799999999998,1.345171780578,1.0982584157539999,4.779120699497,0,0,36.776592254639,28.014715194702,27.947832107544,37.168239593505994,27.997993469238,36.711318969727,27.964553833007997,36.711318969727,43633.7717506134
281,,  11d 08:44:43.37,-4.500038147555,2.499809262226,1.3449799999999998,1.3447092745109999,1.100229735779,4.777401644496,0,0,37.037693023681996,27.947832107544,27.947832107544,37.119285583496,27.914392471313,36.482856750488,27.864231109619002,36.482856750488,43633.8085114699
282,,  11d 09:37:38.22,-4.499961852445,2.4999618524450002,1.3445799999999999,1.3446842709470002,1.098875921942,4.776482380827,0,0,36.743957519531,27.981275558472,27.947832107544,37.184558868408,28.014715194702,36.564453125,28.014715194702,36.564453125,43633.8452688889
283,,  11d 10:30:32.83,-4.500038147555,2.499809262226,1.34455,1.3444092934,1.0982978952709999,4.77561301966,0,0,36.825550079346,27.981275558472,27.981275558472,37.266151428223,28.014715194702,36.743957519531,27.997993469238,36.743957519531,43633.8820232407
284,,  11d 11:23:24.38,-4.499809262226,2.499809262226,1.34425,1.344246765507,1.097911046266,4.774789610446,0,0,36.972415924071996,28.048156738281,28.014715194702,37.266151428223,27.997993469238,36.662364959717,27.997993469238,36.662364959717,43633.9187423148
285,,  11d 12:16:18.24,-4.500038147555,2.4999618524450002,1.34429,1.3440967960949999,1.099823960511,4.773773542064,0,0,36.923461914062,27.947832107544,27.864231109619002,37.347743988037,27.914392471313,36.61340713501,27.914392471313,36.61340713501,43633.9554883449
286,,  11d 13:09:14.31,-4.500190737774,2.4999618524450002,1.34386,1.3436467474709999,1.102139412554,4.77142360451,0,0,36.90714263916,27.947832107544,27.914392471313,37.200878143311,27.964553833007997,36.858184814453004,27.914392471313,36.858184814453004,43633.9922595139
287,,  11d 14:02:06.81,-4.500038147555,2.4999618524450002,1.34343,1.343421747107,1.1005399901569999,4.770426689569,0,0,36.972415924071996,27.931114196777,27.931114196777,37.298789978027,27.964553833007997,36.792911529541,27.931114196777,36.792911529541,43634.0289895139
288,,  11d 14:55:02.94,-4.500038147555,2.499809262226,1.34332,1.343184310693,1.100931574314,4.769107313854,0,0,36.95609664917,27.914392471313,27.914392471313,37.151920318604,27.947832107544,36.580768585205,27.947832107544,36.580768585205,43634.0657617708
289,,  11d 15:47:56.52,-4.500038147555,2.4999618524450002,1.34294,1.343109280094,1.100762169139,4.769061168744,0,0,36.923461914062,28.014715194702,27.947832107544,37.331424713135,27.981275558472,36.760276794434,27.981275558472,36.760276794434,43634.1025041782
290,,  11d 16:40:50.46,-4.500114442664,2.4999618524450002,1.3430000000000002,1.3424592651710001,1.099847250822,4.7657030983199995,0,0,36.988735198975,27.931114196777,27.931114196777,37.119285583496,27.897672653198,36.760276794434,27.864231109619002,36.760276794434,43634.1392511111
291,,  11d 17:33:47.35,-4.500038147555,2.499656672007,1.34247,1.342721810329,1.1039489324160001,4.7666708532849995,0,0,36.923461914062,27.931114196777,27.931114196777,37.347743988037,27.931114196777,36.743957519531,27.864231109619002,36.743957519531,43634.1760318634
292,,  11d 18:26:40.30,-4.5002670328829995,2.499809262226,1.34254,1.342171790838,1.0976794143089998,4.764261102002,0,0,37.021373748779,27.864231109619002,27.864231109619002,37.168239593505994,27.914392471313,36.531810760498,27.914392471313,36.531810760498,43634.212767222205
293,,  11d 19:19:33.46,-4.500114442664,2.499809262226,1.34196,1.341871766812,1.10022058836,4.762626489818,0,0,36.890823364258,27.981275558472,27.880952835082997,37.266151428223,27.947832107544,36.727634429931996,27.914392471313,36.727634429931996,43634.2495049306
294,,  11d 20:12:30.49,-4.499961852445,2.4999618524450002,1.34186,1.341884247114,1.102075927422,4.762424345783,0,0,37.037693023681996,27.964553833007997,27.964553833007997,37.413021087646,27.897672653198,36.858184814453004,27.897672653198,36.858184814453004,43634.2862874884
295,,  11d 21:05:25.56,-4.500190737774,2.4999618524450002,1.3416299999999999,1.341434246654,1.101375273821,4.7608056844440005,0,0,37.054008483887,27.931114196777,27.931114196777,37.380382537842,27.914392471313,36.874504089355,27.847511291504002,36.874504089355,43634.3230472685
296,,  11d 21:58:20.44,-4.500038147555,2.4999618524450002,1.3412799999999998,1.341496753305,1.104410676275,4.760667179789,0,0,37.054008483887,27.964553833007997,27.964553833007997,37.184558868408,27.997993469238,36.874504089355,27.947832107544,36.874504089355,43634.359805115695
297,,  11d 22:51:15.44,-4.499961852445,2.4999618524450002,1.34141,1.3413467772849998,1.104045080619,4.760045397019,0,0,37.102966308594,27.947832107544,27.914392471313,37.347743988037,27.931114196777,36.711318969727,27.914392471313,36.711318969727,43634.3965639931
298,,  11d 23:44:11.40,-4.500038147555,2.4999618524450002,1.3412,1.340734303512,1.103380846153,4.756940108811,0,0,36.988735198975,27.880952835082997,27.880952835082997,37.24983215332,27.880952835082997,36.727634429931996,27.847511291504002,36.727634429931996,43634.4333340741
299,,  12d 00:37:05.05,-4.499885557336,2.499809262226,1.34064,1.340521774575,1.100501647173,4.756407262708,0,0,37.021373748779,28.014715194702,27.997993469238,37.31510925293,27.964553833007997,36.858184814453004,27.964553833007997,36.858184814453004,43634.4700773843
300,,  12d 01:29:58.94,-4.500114442664,2.4999618524450002,1.34022,1.34012176842,1.102517650468,4.754292173082,0,0,37.054008483887,27.931114196777,27.864231109619002,37.364063262939,27.931114196777,36.809226989746,27.880952835082997,36.809226989746,43634.5068235995
301,,  13d 21:18:05.54,-0.0750011444266423,2.4999618524450002,1.40715,1.403772765876,5.341766231295,5.279690043877,0,0,27.396055221557997,27.312452316284,27.078365325928,27.496377944945998,27.329172134399,27.546541213989002,27.044921875,27.563259124755998,43636.339261794
